Provinsi,Internal,Keluar,Masuk,Neto,Wilayah
Jawa Barat,143707592,75117423,67955329,-7162094,Jawa
DKI Jakarta,35634138,66057594,63762854,-2294740,Jawa
Jawa Tengah,99587387,41639370,46666510,5027140,Jawa
Jawa Timur,183362302,20377267,33815350,13438083,Jawa
Banten,29352170,46822796,33234712,-13588084,Jawa
DI Yogyakarta,16363933,14341152,24158964,9817812,Jawa
Sumatera Utara,49622538,6792069,7287724,495655,Sumatera
Sumatera Selatan,20095826,6641721,5965540,-676181,Sumatera
Bali,20911166,6362115,5834443,-527672,Bali & Nusa Tenggara
Riau,18375159,6692659,5551012,-1141647,Sumatera
Sumatera Barat,16760084,4015626,5529814,1514188,Sumatera
Sulawesi Selatan,37282661,4988621,5307697,319076,Sulawesi
Lampung,21723532,6860805,5268048,-1592757,Sumatera
Kalimantan Tengah,7859480,3005300,3338724,333424,Kalimantan
Kalimantan Selatan,16012669,4467187,3004045,-1463142,Kalimantan
Kalimantan Timur,12693212,3264798,2967545,-297253,Kalimantan
Jambi,8125989,3258047,2736444,-521603,Sumatera
Sulawesi Tengah,8749335,2733283,2712844,-20439,Sulawesi
Aceh,17606654,2833671,2484696,-348975,Sumatera
Sulawesi Barat,2744008,1937004,1888074,-48930,Sulawesi
Kepulauan Riau,2485233,1424321,1799437,375116,Sumatera
Bengkulu,5444333,1606498,1767239,160741,Sumatera
Sulawesi Tenggara,11447103,1579274,1760812,181538,Sulawesi
Sulawesi Utara,13045580,1198822,1485565,286743,Sulawesi
Nusa Tenggara Barat,13691020,2514025,1157480,-1356545,Bali & Nusa Tenggara
Kalimantan Barat,12104918,1247701,1112885,-134816,Kalimantan
Gorontalo,4286894,1147539,983409,-164130,Sulawesi
Nusa Tenggara Timur,9558961,1033279,846514,-186765,Bali & Nusa Tenggara
Papua,2186427,435645,667000,231355,Papua
Maluku,137664,423892,635900,212008,Maluku
Kepulauan Bangka Belitung,3922665,766658,588384,-178274,Sumatera
Maluku Utara,3028209,632109,503572,-128537,Maluku
Kalimantan Utara,1232601,538366,465418,-72948,Kalimantan
Papua Barat,555673,481973,333085,-148888,Papua
Papua Barat Daya,1367140,308494,321501,13007,Papua
Papua Selatan,219608,118533,220945,102412,Papua
Papua Tengah,690853,473162,203071,-270091,Papua
Papua Pegunungan,705843,338291,154504,-183787,Papua
