Provinsi,TPK_Bintang,TPK_NonBintang,Akomodasi_Bintang,Akomodasi_NonBintang,Kamar_Bintang,Kamar_NonBintang,TempatTidur_Bintang,TempatTidur_NonBintang,LamaMenginap_Bintang,LamaMenginap_NonBintang
Aceh,25.15,17.82,62,503,3553,8302,5350,12469,1.68,1.31
Sumatera Utara,40.88,24.4,168,1352,13570,29740,18689,38679,1.29,1.09
Sumatera Barat,43.16,16.04,103,1042,5895,13783,8003,20936,1.24,1.09
Riau,44.51,26.06,110,450,9614,11110,13264,15894,1.33,1.15
Jambi,48.99,20.07,43,179,3242,3786,4433,5361,1.61,1.04
Sumatera Selatan,47.24,21.95,117,454,9238,8997,12940,13269,1.35,1.16
Bengkulu,42.74,17.54,19,254,1192,5069,1800,7585,1.23,1.14
Lampung,42.8,24.22,55,432,5008,7733,7213,10311,1.3,1.1
Kepulauan Bangka Belitung,25.57,15.26,59,215,4130,3809,5944,5132,1.57,1.3
Kepulauan Riau,48.09,32.43,119,279,12539,8247,16730,9557,1.87,1.38
DKI Jakarta,53.43,41.73,480,460,55092,11221,85296,17963,1.58,1.37
Jawa Barat,47.1,22.64,654,3000,61560,55047,90901,81417,1.42,1.09
Jawa Tengah,44.42,23.2,416,2017,35464,39813,51975,53013,1.35,1.06
DI Yogyakarta,52.15,23.13,222,2069,21467,27599,31737,37318,1.57,1.17
Jawa Timur,49.3,21.85,380,3624,42389,57697,60453,83001,1.45,1.1
Banten,49.55,24.63,167,344,17426,6304,25992,8864,1.33,1.12
Bali,60.77,42.83,699,5105,84500,70842,106533,93435,2.81,2.56
Nusa Tenggara Barat,40.46,30.28,171,1443,13636,18626,16690,24651,1.9,1.65
Nusa Tenggara Timur,42.49,15.99,58,653,5058,11196,6839,16552,1.72,1.44
Kalimantan Barat,50.03,28.72,58,496,5283,10804,7221,14124,1.47,1.11
Kalimantan Tengah,47.59,22.48,38,537,2694,10127,4227,13919,1.42,1.09
Kalimantan Selatan,52.8,22.52,63,549,5643,9528,7963,12707,1.43,1.04
Kalimantan Timur,53.25,25.4,70,645,7128,12656,10129,16831,1.6,1.24
Kalimantan Utara,46.15,26.16,7,142,375,3218,596,4550,1.43,1.34
Sulawesi Utara,44.03,24.76,67,205,5813,4279,7930,5377,1.73,1.5
Sulawesi Tengah,48.14,17.18,15,664,1782,10345,2523,13427,1.59,1.27
Sulawesi Selatan,44.86,18.26,186,875,14431,15229,20674,20411,1.45,1.18
Sulawesi Tenggara,34.44,17.04,28,519,1992,8676,2917,10356,1.16,1.12
Gorontalo,38.47,14.51,8,142,672,2534,1021,3375,1.51,1.12
Sulawesi Barat,26.25,20.02,5,185,375,2832,556,4007,1.31,1.06
Maluku,33.48,16.49,38,319,2041,5640,3235,7200,1.85,1.36
Maluku Utara,42.58,18.53,22,305,1133,5292,1385,6176,1.5,1.23
Papua Barat,30.74,15.91,14,81,695,1533,892,1912,1.87,1.87
Papua Barat Daya,44.63,13.75,18,139,1473,1834,2247,2559,1.72,1.61
Papua,40.89,21.77,31,99,2476,2545,3507,3265,1.83,1.44
Papua Selatan,53.42,20.08,6,40,299,771,418,957,1.98,1.46
Papua Tengah,37.65,27.33,12,72,929,1642,1256,2232,2.45,1.39
Papua Pegunungan,28.5,13.59,2,25,82,509,152,793,2.12,1.4
